"borough","total_buildings","boroid","num_lit","lit_per_thousand_buildings"
"BK",248895,3,1309,5.25924586673095
"BX",75522,2,2081,27.5548846693679
"MN",32459,1,956,29.4525401275455
"QN",296956,4,254,0.855345573081534
"SI",111543,5,15,0.134477286786262
